公司名称,公司代码,指标,20251231,20241231,20231231,20221231,20211231,20201231,20191231,20181231,20171231,20161231,20151231,20141231,20131231,20121231,20111231
安克创新,300866,归母净利润,2545131880.4,2114429526.95,1614871961.81,1143486217.19,981727237.06,855932830.11,721080402.18,427056145.37,321675491.72,230231377.18,134905084.24,8100330.32,,,
安克创新,300866,营业总收入,30514403376.92,24710080329.34,17507203144.25,14250519798.29,12574203308.96,9352629343.29,6654738184.93,5232218241.52,3903005543.49,2506757368.28,1302159918.72,746046745.8,,,
安克创新,300866,营业成本,27648582451.49,22508362922.69,15865108272.0,13288280783.82,11730238166.86,8423699497.91,5973829759.3,4714035032.2,3574456600.52,2221501644.21,1107520727.68,727894687.92,,,
安克创新,300866,净利润,2617193921.23,2211123968.32,1693938678.63,1185343333.09,1024427226.78,894869336.24,721734458.99,426782013.67,328572031.3,227181510.45,160634775.06,11970968.34,,,
安克创新,300866,经营现金流量净额,480806645.21,2745458716.91,1429913364.18,1423925484.01,449042613.6,187801106.38,383415813.34,347871458.33,97230866.09,221425206.39,96825844.53,82682499.87,,,
安克创新,300866,毛利率,45.065366,43.673175,43.536042,38.732096,35.722981,43.853831,49.909124,50.107958,52.017974,54.789384,52.525008,38.596034,,,
安克创新,300866,毛利率,45.065366,43.673175,43.536042,38.732096,35.722981,43.853831,49.909124,50.107958,52.017974,54.789384,52.525008,38.596034,,,
安克创新,300866,归母净利润,2545131880.4,2114429526.95,1614871961.81,1143486217.19,981727237.06,855932830.11,721080402.18,427056145.37,321675491.72,230231377.18,134905084.24,8100330.32,,,
安克创新,300866,营业总收入,30514403376.92,24710080329.34,17507203144.25,14250519798.29,12574203308.96,9352629343.29,6654738184.93,5232218241.52,3903005543.49,2506757368.28,1302159918.72,746046745.8,,,
安克创新,300866,净利润,2617193921.23,2211123968.32,1693938678.63,1185343333.09,1024427226.78,894869336.24,721734458.99,426782013.67,328572031.3,227181510.45,160634775.06,11970968.34,,,
安克创新,300866,存货周转率,4.073293,4.93135,5.080956,4.931306,4.428004,3.880158,3.512346,4.368157,5.496845,6.372571,9.762722,12.098377,,,
致欧科技,301376,归母净利润,335806096.83,333573745.07,412883749.9,250114743.48,239817876.59,380246117.18,107994347.06,40638600.0,,,,,,,
致欧科技,301376,营业总收入,8700946185.92,8123835098.24,6074187229.49,5455389426.78,5967379509.22,3970992675.87,2325566308.87,1594676000.0,,,,,,,
致欧科技,301376,营业成本,8292638198.01,7763530240.29,5565315379.59,5139633637.64,5628110691.5,3484412346.28,2150517715.19,1529972000.0,,,,,,,
致欧科技,301376,净利润,335806096.83,333573745.07,412883749.9,250114743.48,239817876.59,380246117.18,107994347.06,41647100.0,,,,,,,
致欧科技,301376,经营现金流量净额,2470477014.17,2293940146.3,1499078788.12,988062520.74,264921065.12,-207392728.22,88996041.68,-32821100.0,,,,,,,
致欧科技,301376,毛利率,34.479592,34.653509,36.320028,31.649472,32.63706,37.91615,55.795019,56.473829,,,,,,,
致欧科技,301376,毛利率,34.479592,34.653509,36.320028,31.649472,32.63706,37.91615,55.795019,56.473829,,,,,,,
致欧科技,301376,归母净利润,335806096.83,333573745.07,412883749.9,250114743.48,239817876.59,380246117.18,107994347.06,40638600.0,,,,,,,
致欧科技,301376,营业总收入,8700946185.92,8123835098.24,6074187229.49,5455389426.78,5967379509.22,3970992675.87,2325566308.87,1594676000.0,,,,,,,
致欧科技,301376,净利润,335806096.83,333573745.07,412883749.9,250114743.48,239817876.59,380246117.18,107994347.06,41647100.0,,,,,,,
致欧科技,301376,存货周转率,4.383677,4.819345,4.932233,4.284213,4.208419,4.435859,4.807753,3.971958,,,,,,,
赛维时代,301381,归母净利润,282977761.37,214099224.24,335547669.84,184757088.12,347724190.65,450880928.79,54107976.2,-6633000.0,-65982663.56,38772052.83,18956200.63,-13868486.76,,,
赛维时代,301381,营业总收入,11816529344.62,10275379442.25,6563662921.14,4909118542.64,5564672255.54,5253011000.45,2878775073.9,2245139200.0,1949029607.82,1480074856.46,614243623.89,24827528.76,,,
赛维时代,301381,营业成本,11303559476.25,9979790423.71,6141389671.93,4633071558.36,5107614721.34,4624926129.7,2784652775.82,2245054200.0,1961424273.23,1439587907.51,589726050.87,42263923.27,,,
赛维时代,301381,净利润,282977761.37,214099224.24,335547669.84,184757088.12,347724190.65,450880928.79,54107976.2,-6633000.0,-65982663.56,38772052.83,18956200.63,-13868486.76,,,
赛维时代,301381,经营现金流量净额,1249730547.05,-468535009.96,549611961.22,418058619.38,253345099.16,306424404.84,65639221.14,82110100.0,-297956658.19,12316523.42,-104690969.39,696684.52,,,
赛维时代,301381,毛利率,42.68851,43.77594,45.84415,65.624023,62.784542,66.820247,66.214406,65.574762,61.527369,60.998984,61.43964,58.313948,,,
赛维时代,301381,毛利率,42.68851,43.77594,45.84415,65.624023,62.784542,66.820247,66.214406,65.574762,61.527369,60.998984,61.43964,58.313948,,,
赛维时代,301381,归母净利润,282977761.37,214099224.24,335547669.84,184757088.12,347724190.65,450880928.79,54107976.2,-6633000.0,-65982663.56,38772052.83,18956200.63,-13868486.76,,,
赛维时代,301381,营业总收入,11816529344.62,10275379442.25,6563662921.14,4909118542.64,5564672255.54,5253011000.45,2878775073.9,2245139200.0,1949029607.82,1480074856.46,614243623.89,24827528.76,,,
赛维时代,301381,净利润,282977761.37,214099224.24,335547669.84,184757088.12,347724190.65,450880928.79,54107976.2,-6633000.0,-65982663.56,38772052.83,18956200.63,-13868486.76,,,
赛维时代,301381,存货周转率,4.395171,4.431715,5.05175,2.254902,2.321635,2.645398,2.256879,1.720584,2.002899,2.660597,2.502979,8.444595,,,
华凯易佰,300592,归母净利润,146710121.47,170161998.54,332161543.85,216983052.5,-87403837.06,-62483364.82,7980891.45,15691818.41,48734954.25,40027589.28,36868662.14,36580397.06,30109191.8,16575566.15,
华凯易佰,300592,营业总收入,9133295094.71,9022209993.05,6517860595.35,4417024029.4,2074861491.34,135162927.17,411779890.88,448493089.65,561813616.92,529584201.09,481501008.47,435745634.57,418694415.44,339644373.33,
华凯易佰,300592,营业成本,8822377422.94,8740291642.8,6102479575.49,4125842108.35,2092617951.04,186973578.74,395679300.56,423628331.29,512373211.26,494369365.46,449301632.51,397679009.39,386058898.73,319496163.77,
华凯易佰,300592,净利润,154134183.2,167004651.79,348570601.33,244662061.74,-81951659.31,-62483364.82,7980891.45,15691818.41,48734954.25,40027589.28,36868662.14,36580397.06,30109191.8,16575566.15,
华凯易佰,300592,经营现金流量净额,971885545.01,-329589797.93,366009900.05,285311895.08,322618204.98,28202597.82,75378395.32,35001505.1,-4426324.4,-19413634.99,37574561.36,-40060384.1,1415205.9,-4560651.94,
华凯易佰,300592,毛利率,33.417478,33.854971,36.957341,37.924963,37.238936,17.82739,30.979426,27.431505,31.359773,25.641494,29.655645,33.734687,30.20965,26.287579,
华凯易佰,300592,毛利率,33.417478,33.854971,36.957341,37.924963,37.238936,17.82739,30.979426,27.431505,31.359773,25.641494,29.655645,33.734687,30.20965,26.287579,
华凯易佰,300592,归母净利润,146710121.47,170161998.54,332161543.85,216983052.5,-87403837.06,-62483364.82,7980891.45,15691818.41,48734954.25,40027589.28,36868662.14,36580397.06,30109191.8,16575566.15,
华凯易佰,300592,营业总收入,9133295094.71,9022209993.05,6517860595.35,4417024029.4,2074861491.34,135162927.17,411779890.88,448493089.65,561813616.92,529584201.09,481501008.47,435745634.57,418694415.44,339644373.33,
华凯易佰,300592,净利润,154134183.2,167004651.79,348570601.33,244662061.74,-81951659.31,-62483364.82,7980891.45,15691818.41,48734954.25,40027589.28,36868662.14,36580397.06,30109191.8,16575566.15,
华凯易佰,300592,存货周转率,4.382965,4.483782,5.700794,4.641386,4.326477,0.622989,0.771987,0.872478,1.10969,1.385885,1.494062,1.492324,2.114103,2.052456,
吉宏股份,002803,归母净利润,276831969.6,181931124.57,345098588.03,183979897.51,227277532.35,558707074.7,326257025.14,213169745.48,80034333.83,42996128.95,37384431.31,19083933.16,36332091.71,35373628.7,22815674.92
吉宏股份,002803,营业总收入,6721612130.17,5529258572.55,6694680652.34,5375883625.69,5177657129.4,4410213459.25,3009252726.74,2269045472.46,1132613257.78,569901638.12,521865300.36,385927475.74,387255903.69,355491188.56,308581061.71
吉宏股份,002803,营业成本,6378741467.57,5344678939.94,6294061771.51,5087737527.32,4946292566.27,3812931966.87,2633511033.94,2017655793.64,1045920296.9,528847223.64,487432505.86,370603948.54,349633728.97,319856499.78,281298766.53
吉宏股份,002803,净利润,334050108.05,184450469.59,332121542.56,171578572.49,208885932.67,576827653.31,346301077.8,228352034.95,82064710.44,41948210.84,32858240.73,17177916.97,36332091.71,35354191.05,22815674.92
吉宏股份,002803,经营现金流量净额,261219848.71,386679604.06,725599756.59,390955098.53,235058261.5,539361382.38,317172141.24,256986153.81,-62984295.02,-7893874.0,55260001.84,15654982.1,35360243.55,28559551.14,33778341.27
吉宏股份,002803,毛利率,46.9231,43.927306,46.660427,40.688266,38.38937,43.120268,43.417619,43.05799,27.45344,19.785861,20.706286,19.125363,21.804878,21.886431,20.718307
吉宏股份,002803,毛利率,46.9231,43.927306,46.660427,40.688266,38.38937,43.120268,43.417619,43.05799,27.45344,19.785861,20.706286,19.125363,21.804878,21.886431,20.718307
吉宏股份,002803,归母净利润,276831969.6,181931124.57,345098588.03,183979897.51,227277532.35,558707074.7,326257025.14,213169745.48,80034333.83,42996128.95,37384431.31,19083933.16,36332091.71,35373628.7,22815674.92
吉宏股份,002803,营业总收入,6721612130.17,5529258572.55,6694680652.34,5375883625.69,5177657129.4,4410213459.25,3009252726.74,2269045472.46,1132613257.78,569901638.12,521865300.36,385927475.74,387255903.69,355491188.56,308581061.71
吉宏股份,002803,净利润,334050108.05,184450469.59,332121542.56,171578572.49,208885932.67,576827653.31,346301077.8,228352034.95,82064710.44,41948210.84,32858240.73,17177916.97,36332091.71,35354191.05,22815674.92
吉宏股份,002803,存货周转率,7.40195,6.85957,7.599755,7.040927,8.952486,9.380473,7.559629,6.825858,6.52492,6.366665,6.962205,6.310632,6.86327,5.896376,4.885775
