公司名称,公司代码,股票代码,报告日期,分类类型,主营构成,主营收入,收入比例,主营成本,成本比例,主营利润,利润比例,毛利率
吉宏股份,002803,002803,2026-06-30,按行业分类,电商业务,2451182191.32,0.65613,907193841.06,0.460991,1543988350.26,0.873349,0.629895
吉宏股份,002803,002803,2026-06-30,按行业分类,包装业务,1282831608.36,0.343387,1059469019.7,0.538369,223362588.66,0.126344,0.174117
吉宏股份,002803,002803,2026-06-30,按行业分类,其他,1803189.54,0.000483,1260172.25,0.00064,543017.29,0.000307,0.301143
吉宏股份,002803,002803,2026-06-30,按产品分类,电商业务,2451182191.32,0.65613,907193841.06,0.460991,1543988350.26,0.873349,0.629895
吉宏股份,002803,002803,2026-06-30,按产品分类,包装-纸盒纸箱,684598402.66,0.183253,591439933.81,0.30054,93158468.85,0.052695,0.136078
吉宏股份,002803,002803,2026-06-30,按产品分类,包装-食品包装,316665621.51,0.084765,,,,,
吉宏股份,002803,002803,2026-06-30,按产品分类,包装-纸袋,206592988.94,0.055301,,,,,
吉宏股份,002803,002803,2026-06-30,按产品分类,包装-其他类型,74974595.25,0.020069,,,,,
吉宏股份,002803,002803,2026-06-30,按产品分类,其他,1803189.54,0.000483,,,,,
吉宏股份,002803,002803,2026-06-30,按地区分类,境外,2565588881.24,0.686754,957132339.46,0.486367,1608456541.78,0.909815,0.626935
吉宏股份,002803,002803,2026-06-30,按地区分类,境内,1170228107.98,0.313246,1010790693.55,0.513633,159437414.43,0.090185,0.136245
吉宏股份,002803,002803,2025-12-31,按行业分类,电商业务,4373200452.01,0.650618,1704824545.19,0.47786,2668375906.82,0.846032,0.610165
吉宏股份,002803,002803,2025-12-31,按行业分类,包装业务,2345320841.87,0.348922,1860020357.92,0.521361,485300483.95,0.153869,0.206923
吉宏股份,002803,002803,2025-12-31,按行业分类,其他,3090836.29,0.00046,2778378.69,0.000779,312457.6,9.9e-05,0.101092
吉宏股份,002803,002803,2025-12-31,按产品分类,电商业务,4373200452.01,0.650618,1704824545.19,0.47786,2668375906.82,0.846032,0.610165
吉宏股份,002803,002803,2025-12-31,按产品分类,包装-纸盒纸箱,1217759565.96,0.181171,1011594806.83,0.283549,206164759.13,0.065366,0.169298
吉宏股份,002803,002803,2025-12-31,按产品分类,包装-食品包装,521107195.0,0.077527,457243776.01,0.128165,63863418.99,0.020248,0.122553
吉宏股份,002803,002803,2025-12-31,按产品分类,包装-纸袋,469570825.96,0.06986,345590455.47,0.096869,123980370.49,0.039309,0.264029
吉宏股份,002803,002803,2025-12-31,按产品分类,包装-其他类型,136883254.95,0.020365,45591319.61,0.012779,91291935.34,0.028945,0.666933
吉宏股份,002803,002803,2025-12-31,按产品分类,其他,3090836.29,0.00046,2778378.69,0.000779,312457.6,9.9e-05,0.101092
吉宏股份,002803,002803,2025-12-31,按地区分类,境外,4562165814.61,0.678731,1812762233.27,0.508115,2749403581.34,0.871723,0.602653
吉宏股份,002803,002803,2025-12-31,按地区分类,境内,2159446315.56,0.321269,1754861048.53,0.491885,404585267.03,0.128277,0.187356
吉宏股份,002803,002803,2025-06-30,按行业分类,电商业务,2116454303.76,0.654534,816618009.06,0.476248,1299836294.7,0.855811,0.614158
吉宏股份,002803,002803,2025-06-30,按行业分类,包装业务,1115164257.12,0.344876,897202613.52,0.523244,217961643.6,0.143506,0.195453
吉宏股份,002803,002803,2025-06-30,按行业分类,其他业务,1907836.65,0.00059,870832.83,0.000508,1037003.82,0.000683,0.54355
吉宏股份,002803,002803,2025-06-30,按产品分类,电商业务,2116454303.76,0.654534,816618009.06,0.476248,1299836294.7,0.855811,0.614158
吉宏股份,002803,002803,2025-06-30,按产品分类,包装-纸盒纸箱,634460070.23,0.196213,519467939.41,0.302951,114992130.82,0.075711,0.181244
吉宏股份,002803,002803,2025-06-30,按产品分类,包装-食品包装,240023101.3,0.07423,,,,,
吉宏股份,002803,002803,2025-06-30,按产品分类,包装-纸袋,201390387.23,0.062282,,,,,
吉宏股份,002803,002803,2025-06-30,按产品分类,包装-其他类型,39290698.36,0.012151,,,,,
吉宏股份,002803,002803,2025-06-30,按产品分类,其他业务,1907836.65,0.00059,,,,,
吉宏股份,002803,002803,2025-06-30,按地区分类,境外,2274200116.08,0.703319,927853129.0,0.54112,1346346987.08,0.886434,0.592009
吉宏股份,002803,002803,2025-06-30,按地区分类,境内,959326281.45,0.296681,786838326.41,0.45888,172487955.04,0.113566,0.179801
吉宏股份,002803,002803,2024-12-31,按行业分类,电商业务,3365903051.03,0.608744,1319580360.15,0.425616,2046322690.88,0.842505,0.607957
吉宏股份,002803,002803,2024-12-31,按行业分类,包装业务,2099460602.86,0.3797,1724659164.07,0.556269,374801438.79,0.154312,0.178523
吉宏股份,002803,002803,2024-12-31,按行业分类,其他业务,63894918.66,0.011556,56164662.23,0.018115,7730256.43,0.003183,0.120984
吉宏股份,002803,002803,2024-12-31,按产品分类,电商业务,3365903051.03,0.608744,1319580360.15,0.425616,2046322690.88,0.842505,0.607957
吉宏股份,002803,002803,2024-12-31,按产品分类,包装-纸盒纸箱,1198392090.88,0.216736,1022832719.2,0.329903,175559371.68,0.072281,0.146496
吉宏股份,002803,002803,2024-12-31,按产品分类,包装-食品包装,423066667.38,0.076514,,,,,
吉宏股份,002803,002803,2024-12-31,按产品分类,包装-纸袋,387592857.0,0.070099,,,,,
吉宏股份,002803,002803,2024-12-31,按产品分类,包装-其他类型,90408987.6,0.016351,,,,,
吉宏股份,002803,002803,2024-12-31,按产品分类,其他业务,63894918.66,0.011556,,,,,
吉宏股份,002803,002803,2024-12-31,按地区分类,境外,3492230488.47,0.631591,1426045084.86,0.459955,2066185403.61,0.850683,0.591652
吉宏股份,002803,002803,2024-12-31,按地区分类,境内,2037028084.08,0.368409,1674359101.59,0.540045,362668982.49,0.149317,0.178038
吉宏股份,002803,002803,2024-06-30,按行业分类,电商业务,1384122350.96,0.56415,557431117.65,0.38299,826691233.31,0.828355,0.597267
吉宏股份,002803,002803,2024-06-30,按行业分类,包装业务,1013387635.0,0.413044,847257656.6,0.582119,166129978.4,0.166464,0.163935
吉宏股份,002803,002803,2024-06-30,按行业分类,其他业务,55953546.93,0.022806,50782757.88,0.034891,5170789.05,0.005181,0.092412
吉宏股份,002803,002803,2024-06-30,按产品分类,电商业务,1384122350.96,0.56415,557431117.65,0.38299,826691233.31,0.828355,0.597267
吉宏股份,002803,002803,2024-06-30,按产品分类,包装-纸盒纸箱,603674089.92,0.24605,,,,,
吉宏股份,002803,002803,2024-06-30,按产品分类,包装-食品包装,220859459.16,0.090019,,,,,
吉宏股份,002803,002803,2024-06-30,按产品分类,包装-纸袋,140388598.07,0.057221,,,,,
吉宏股份,002803,002803,2024-06-30,按产品分类,其他业务,55953546.93,0.022806,,,,,
吉宏股份,002803,002803,2024-06-30,按产品分类,包装-其他类型,48465487.85,0.019754,,,,,
吉宏股份,002803,002803,2024-06-30,按地区分类,境外,1445252068.26,0.589066,600126577.72,0.412325,845125490.54,0.846826,0.58476
吉宏股份,002803,002803,2024-06-30,按地区分类,境内,1008211464.63,0.410934,855344954.41,0.587675,152866510.22,0.153174,0.151621
吉宏股份,002803,002803,2023-12-31,按行业分类,电商业务,4256637147.12,0.635824,1561741238.73,0.437351,2694895908.39,0.862707,0.633104
吉宏股份,002803,002803,2023-12-31,按行业分类,包装业务,2096605985.0,0.313175,1693986600.95,0.474385,402619384.05,0.128889,0.192034
吉宏股份,002803,002803,2023-12-31,按行业分类,其他业务,341437520.22,0.051001,315186197.14,0.088265,26251323.08,0.008404,0.076885
吉宏股份,002803,002803,2023-12-31,按产品分类,电商业务,4256637147.12,0.635824,1561741238.73,0.437351,2694895908.39,0.862707,0.633104
吉宏股份,002803,002803,2023-12-31,按产品分类,包装-纸盒纸箱,1346220044.68,0.201088,1126367396.95,0.315428,219852647.73,0.070381,0.163311
吉宏股份,002803,002803,2023-12-31,按产品分类,其他业务,341437520.22,0.051001,,,,,
吉宏股份,002803,002803,2023-12-31,按产品分类,包装-纸袋,325786662.19,0.048664,,,,,
吉宏股份,002803,002803,2023-12-31,按产品分类,包装-食品包装,323436575.6,0.048312,,,,,
吉宏股份,002803,002803,2023-12-31,按产品分类,包装-其他类型,101162702.53,0.015111,,,,,
吉宏股份,002803,002803,2023-12-31,按地区分类,境外,4385643460.71,0.655094,1651379801.83,0.462453,2734263658.88,0.87531,0.623458
吉宏股份,002803,002803,2023-12-31,按地区分类,境内,2309037191.63,0.344906,1919534234.99,0.537547,389502956.64,0.12469,0.168686
吉宏股份,002803,002803,2023-06-30,按行业分类,互联网业务,2148768916.04,0.683407,851553051.33,0.510345,1297215864.71,0.879101,0.603702
吉宏股份,002803,002803,2023-06-30,按行业分类,包装业务,989654805.87,0.314756,811995139.18,0.486638,177659666.69,0.120397,0.179517
吉宏股份,002803,002803,2023-06-30,按行业分类,供应链业务,5775456.46,0.001837,5033847.93,0.003017,741608.53,0.000503,0.128407
吉宏股份,002803,002803,2023-06-30,按产品分类,ToC--互联网营销电商,2035936048.8,0.647521,740974627.08,0.444074,1294961421.72,0.877573,0.636052
吉宏股份,002803,002803,2023-06-30,按产品分类,包装业务,989654805.87,0.314756,811995139.18,0.486638,177659666.69,0.120397,0.179517
吉宏股份,002803,002803,2023-06-30,按产品分类,ToB--互联网营销广告,112832867.24,0.035886,,,,,
吉宏股份,002803,002803,2023-06-30,按产品分类,供应链业务,5775456.46,0.001837,,,,,
吉宏股份,002803,002803,2023-06-30,按地区分类,境外,2082906222.05,0.66246,778163108.93,0.466362,1304743113.12,0.884202,0.626405
吉宏股份,002803,002803,2023-06-30,按地区分类,境内,1061292956.32,0.33754,890418929.51,0.533638,170874026.81,0.115798,0.161006
吉宏股份,002803,002803,2022-12-31,按行业分类,互联网业务,3352627461.31,0.623642,1478642514.77,0.463738,1873984946.54,0.856736,0.55896
吉宏股份,002803,002803,2022-12-31,按行业分类,包装业务,1982591308.79,0.368794,1670055959.66,0.52377,312535349.13,0.142883,0.15764
吉宏股份,002803,002803,2022-12-31,按行业分类,供应链业务,40664855.59,0.007564,39831285.22,0.012492,833570.37,0.000381,0.020499
吉宏股份,002803,002803,2022-12-31,按产品分类,ToC--互联网营销电商,3170404322.11,0.589746,1293435951.01,0.405653,1876968371.1,0.8581,0.592028
吉宏股份,002803,002803,2022-12-31,按产品分类,彩色包装纸盒、纸箱,1333055214.96,0.24797,1118821723.71,0.35089,214233491.25,0.097942,0.160709
吉宏股份,002803,002803,2022-12-31,按产品分类,环保食品包装,649536093.83,0.120824,551234235.95,0.17288,98301857.88,0.044941,0.151342
吉宏股份,002803,002803,2022-12-31,按产品分类,ToB--互联网营销广告,182223139.2,0.033896,,,,,
吉宏股份,002803,002803,2022-12-31,按产品分类,供应链业务,40664855.59,0.007564,,,,,
吉宏股份,002803,002803,2022-12-31,按地区分类,境外,3185039890.89,0.592468,1328909841.59,0.416778,1856130049.3,0.848573,0.582765
吉宏股份,002803,002803,2022-12-31,按地区分类,境内,2190843734.8,0.407532,1859619918.06,0.583222,331223816.74,0.151427,0.151186
吉宏股份,002803,002803,2022-06-30,按行业分类,互联网业务,1583529485.09,0.604126,681573147.66,0.434687,901956337.43,0.856374,0.569586
吉宏股份,002803,002803,2022-06-30,按行业分类,包装业务,1012188955.3,0.386156,862611437.67,0.550148,149577517.63,0.142018,0.147776
吉宏股份,002803,002803,2022-06-30,按行业分类,供应链业务,25471184.51,0.009717,23777771.94,0.015165,1693412.57,0.001608,0.066483
吉宏股份,002803,002803,2022-06-30,按产品分类,ToC--互联网营销跨境电商,1447417293.01,0.552199,573040933.93,0.365469,874376359.08,0.830188,0.604094
吉宏股份,002803,002803,2022-06-30,按产品分类,彩色包装纸盒、纸箱,569833683.7,0.217395,523503712.97,0.333875,46329970.73,0.043989,0.081304
吉宏股份,002803,002803,2022-06-30,按产品分类,环保食品包装,442355271.6,0.168761,339107724.7,0.216273,103247546.9,0.09803,0.233404
吉宏股份,002803,002803,2022-06-30,按产品分类,ToB--互联网营销广告,83805931.71,0.031972,,,,,
吉宏股份,002803,002803,2022-06-30,按产品分类,ToC--互联网营销国内电商,52306260.37,0.019955,,,,,
吉宏股份,002803,002803,2022-06-30,按产品分类,供应链业务,25471184.51,0.009717,,,,,
吉宏股份,002803,002803,2022-06-30,按地区分类,境外,1493105437.93,0.569629,608167056.17,0.387871,884938381.76,0.840216,0.592683
吉宏股份,002803,002803,2022-06-30,按地区分类,境内,1128084186.97,0.430371,959795301.1,0.612129,168288885.87,0.159784,0.149181
吉宏股份,002803,002803,2021-12-31,按行业分类,互联网业务,3038514305.24,0.586851,1375969523.43,0.43134,1662544781.81,0.836429,0.547157
吉宏股份,002803,002803,2021-12-31,按行业分类,包装业务,2088999988.32,0.403464,1764866941.12,0.553252,324133047.2,0.163072,0.155162
吉宏股份,002803,002803,2021-12-31,按行业分类,供应链业务,50142835.84,0.009684,49150670.57,0.015408,992165.27,0.000499,0.019787
吉宏股份,002803,002803,2021-12-31,按产品分类,ToC--互联网营销电商,2849464922.99,0.550339,1205328883.16,0.377848,1644136039.83,0.827168,0.576998
吉宏股份,002803,002803,2021-12-31,按产品分类,彩色包装纸盒、纸箱,1472492336.44,0.284394,1296616102.05,0.406464,175876234.39,0.088484,0.119441
吉宏股份,002803,002803,2021-12-31,按产品分类,环保食品包装,616507651.88,0.119071,468250839.07,0.146788,148256812.81,0.074588,0.240478
吉宏股份,002803,002803,2021-12-31,按产品分类,ToB--互联网营销广告,189049382.24,0.036513,,,,,
吉宏股份,002803,002803,2021-12-31,按产品分类,供应链业务,50142835.85,0.009684,,,,,
吉宏股份,002803,002803,2021-12-31,按地区分类,境外,2946406036.85,0.569062,1252654897.08,0.392683,1693751139.77,0.852129,0.574853
吉宏股份,002803,002803,2021-12-31,按地区分类,境内,2231251092.55,0.430938,1937332238.05,0.607317,293918854.5,0.147871,0.131728
吉宏股份,002803,002803,2021-06-30,按行业分类,互联网业务,1483642029.84,0.59556,635507842.07,0.42407,848134187.77,0.854474,0.571657
吉宏股份,002803,002803,2021-06-30,按行业分类,包装业务,984404287.61,0.395157,842320718.19,0.562075,142083569.42,0.143146,0.144335
吉宏股份,002803,002803,2021-06-30,按行业分类,供应链业务,23126288.52,0.009283,20763344.55,0.013855,2362943.97,0.002381,0.102176
吉宏股份,002803,002803,2021-06-30,按产品分类,ToC-互联网营销跨境电商,1390030766.89,0.557983,561433179.88,0.37464,828597587.01,0.834791,0.5961
吉宏股份,002803,002803,2021-06-30,按产品分类,彩色包装纸盒、纸箱,743643818.0,0.298512,648186132.46,0.43253,95457685.54,0.096171,0.128365
吉宏股份,002803,002803,2021-06-30,按产品分类,环保食品包装,240760469.61,0.096645,194134585.73,0.129545,46625883.88,0.046974,0.193661
吉宏股份,002803,002803,2021-06-30,按产品分类,ToB-互联网营销广告,93611262.95,0.037577,,,,,
吉宏股份,002803,002803,2021-06-30,按产品分类,供应链业务,23126288.52,0.009283,,,,,
吉宏股份,002803,002803,2021-06-30,按地区分类,境外,1467577233.28,0.589111,618408470.41,0.41266,849168762.87,0.855516,0.578619
吉宏股份,002803,002803,2021-06-30,按地区分类,境内,1023595372.69,0.410889,880183434.4,0.58734,143411938.29,0.144484,0.140106
吉宏股份,002803,002803,2020-12-31,按行业分类,互联网业务,2870735056.35,0.650929,1242744968.23,0.49541,1627990088.12,0.856073,0.567099
吉宏股份,002803,002803,2020-12-31,按行业分类,包装业务,1508044323.35,0.341944,1244358832.27,0.496053,263685491.08,0.138658,0.174853
吉宏股份,002803,002803,2020-12-31,按行业分类,区块链供应链业务,31434079.55,0.007128,,,,,
吉宏股份,002803,002803,2020-12-31,按产品分类,ToC--互联网营销跨境电商,2550821437.47,0.57839,1025814709.96,0.408933,1525006727.51,0.801919,0.597849
吉宏股份,002803,002803,2020-12-31,按产品分类,彩色包装纸盒、纸箱,1088418133.61,0.246795,907562668.04,0.361792,180855465.57,0.095102,0.166164
吉宏股份,002803,002803,2020-12-31,按产品分类,环保食品包装,419626189.74,0.095149,336796164.23,0.134261,82830025.51,0.043556,0.19739
吉宏股份,002803,002803,2020-12-31,按产品分类,ToB--互联网营销广告,319913618.88,0.072539,216930258.27,0.086477,102983360.61,0.054153,0.32191
吉宏股份,002803,002803,2020-12-31,按产品分类,区块链供应链业务,31434079.55,0.007128,,,,,
吉宏股份,002803,002803,2020-12-31,按地区分类,境外,2660866915.84,0.603342,1092107074.12,0.43536,1568759841.72,0.824927,0.589567
吉宏股份,002803,002803,2020-12-31,按地区分类,境内,1749346543.41,0.396658,1416410507.5,0.56464,332936035.91,0.175073,0.19032
吉宏股份,002803,002803,2020-06-30,按行业分类,互联网业务,1273800540.22,0.664591,362790252.79,0.417651,911010287.43,0.869263,0.715191
吉宏股份,002803,002803,2020-06-30,按行业分类,包装业务,632821025.79,0.330167,498392670.93,0.57376,134428354.86,0.128268,0.212427
吉宏股份,002803,002803,2020-06-30,按行业分类,区块链及供应链业务,10048054.97,0.005242,,,,,
吉宏股份,002803,002803,2020-06-30,按产品分类,ToC--互联网营销跨境电商,1094373398.03,0.570977,251008713.81,0.288966,843364684.22,0.804717,0.770637
吉宏股份,002803,002803,2020-06-30,按产品分类,彩色包装纸盒、纸箱,462204529.91,0.24115,376247632.19,0.433144,85956897.72,0.082018,0.185972
吉宏股份,002803,002803,2020-06-30,按产品分类,ToB--互联网营销广告,179427142.19,0.093614,111781538.98,0.128685,67645603.21,0.064546,0.377009
吉宏股份,002803,002803,2020-06-30,按产品分类,环保包装,170616495.88,0.089017,122145038.74,0.140616,48471457.14,0.04625,0.284096
吉宏股份,002803,002803,2020-06-30,按产品分类,区块链及供应链业务,10048054.97,0.005242,,,,,
吉宏股份,002803,002803,2020-06-30,按地区分类,境外,1147350717.34,0.598617,285743254.82,0.328953,861607462.52,0.822124,0.750954
吉宏股份,002803,002803,2020-06-30,按地区分类,境内,769318903.64,0.401383,582900271.35,0.671047,186418632.29,0.177876,0.242316
吉宏股份,002803,002803,2019-12-31,按行业分类,互联网业务,1654964307.5,0.549959,623181453.22,0.365995,1031782854.28,0.789703,0.623447
吉宏股份,002803,002803,2019-12-31,按行业分类,包装业务,1354288419.24,0.450041,1079525367.61,0.634005,274763051.63,0.210297,0.202884
吉宏股份,002803,002803,2019-12-31,按产品分类,To C--互联网营销跨境电商,1190329942.48,0.395557,306091481.83,0.179768,884238460.65,0.676776,0.742852
吉宏股份,002803,002803,2019-12-31,按产品分类,彩色包装纸盒、纸箱,1101256490.07,0.365957,890404755.09,0.522935,210851734.98,0.161381,0.191465
吉宏股份,002803,002803,2019-12-31,按产品分类,To B--互联网营销广告,464634365.02,0.154402,317089971.39,0.186227,147544393.63,0.112927,0.317549
吉宏股份,002803,002803,2019-12-31,按产品分类,环保食品包装,253031929.17,0.084085,189120612.52,0.111071,63911316.65,0.048916,0.252582
吉宏股份,002803,002803,2019-12-31,按地区分类,境内,1756312588.46,0.583637,1350682630.75,0.793256,405629957.71,0.31046,0.230955
吉宏股份,002803,002803,2019-12-31,按地区分类,境外,1252940138.28,0.416363,352024190.08,0.206744,900915948.2,0.68954,0.719041
吉宏股份,002803,002803,2019-06-30,按行业分类,互联网业务,789982018.11,0.566392,296417388.15,0.372272,493564629.96,0.82464,0.62478
吉宏股份,002803,002803,2019-06-30,按行业分类,包装业务,604778922.59,0.433608,499821980.47,0.627728,104956942.12,0.17536,0.173546
吉宏股份,002803,002803,2019-06-30,按产品分类,互联网业务,789982018.11,0.566392,296417388.15,0.424334,493564629.96,0.865592,0.62478
吉宏股份,002803,002803,2019-06-30,按产品分类,彩色包装纸盒及包装箱,478771128.63,0.343264,402130746.09,0.575666,76640382.54,0.134408,0.160077
吉宏股份,002803,002803,2019-06-30,按产品分类,环保纸袋,53188713.0,0.038135,,,,,
吉宏股份,002803,002803,2019-06-30,按产品分类,其他,47736730.32,0.034226,,,,,
吉宏股份,002803,002803,2019-06-30,按产品分类,QSR食品级包装,25082350.64,0.017983,,,,,
吉宏股份,002803,002803,2019-06-30,按地区分类,境外,569289012.68,0.408162,147137361.98,0.221921,422151650.7,0.740642,0.741542
吉宏股份,002803,002803,2019-06-30,按地区分类,华北,338564096.85,0.24274,262091321.77,0.395301,76472775.08,0.134167,0.225874
吉宏股份,002803,002803,2019-06-30,按地区分类,华东,325144043.68,0.233118,253787885.57,0.382778,71356158.11,0.125191,0.21946
吉宏股份,002803,002803,2019-06-30,按地区分类,华中,101857358.41,0.073029,,,,,
吉宏股份,002803,002803,2019-06-30,按地区分类,华南,32643903.95,0.023405,,,,,
吉宏股份,002803,002803,2019-06-30,按地区分类,东北,13831089.1,0.009916,,,,,
吉宏股份,002803,002803,2019-06-30,按地区分类,西南,9886480.69,0.007088,,,,,
吉宏股份,002803,002803,2019-06-30,按地区分类,西北,3544955.34,0.002542,,,,,
吉宏股份,002803,002803,2018-12-31,按行业分类,互联网业务,1209351565.58,0.532978,427845006.52,0.341311,781506559.06,0.76957,0.646219
吉宏股份,002803,002803,2018-12-31,按行业分类,包装业务,1059693906.88,0.467022,825689447.41,0.658689,234004459.47,0.23043,0.220823
吉宏股份,002803,002803,2018-12-31,按产品分类,互联网业务,1209351565.58,0.532978,427845006.52,0.331139,781506559.06,0.7999,0.646219
吉宏股份,002803,002803,2018-12-31,按产品分类,彩色包装箱,527001287.62,0.232257,451044446.01,0.349095,75956841.61,0.077745,0.14413
吉宏股份,002803,002803,2018-12-31,按产品分类,彩色包装纸盒,369694314.81,0.162929,289290947.55,0.223902,80403367.26,0.082296,0.217486
吉宏股份,002803,002803,2018-12-31,按产品分类,环保纸袋,93106843.07,0.041033,83313806.17,0.064482,9793036.9,0.010024,0.105181
吉宏股份,002803,002803,2018-12-31,按产品分类,其他,63256115.07,0.027878,33913141.34,0.026248,29342973.73,0.030034,0.463876
吉宏股份,002803,002803,2018-12-31,按产品分类,塑料软包装,6635346.31,0.002924,6632736.87,0.005134,2609.44,3e-06,0.000393
吉宏股份,002803,002803,2018-12-31,按地区分类,境外,964319346.1,0.424989,258799414.8,0.2452,705519931.3,0.770651,0.731625
吉宏股份,002803,002803,2018-12-31,按地区分类,华北,626116469.8,0.275938,505689245.8,0.479116,120427224.0,0.131545,0.19234
吉宏股份,002803,002803,2018-12-31,按地区分类,华东,380511917.5,0.167697,290973988.9,0.275684,89537928.6,0.097804,0.235309
吉宏股份,002803,002803,2018-12-31,按地区分类,华中,180589759.4,0.079588,,,,,
吉宏股份,002803,002803,2018-12-31,按地区分类,华南,64008725.07,0.02821,,,,,
吉宏股份,002803,002803,2018-12-31,按地区分类,东北,39955685.32,0.017609,,,,,
吉宏股份,002803,002803,2018-12-31,按地区分类,西南,10510099.62,0.004632,,,,,
吉宏股份,002803,002803,2018-12-31,按地区分类,西北,3033469.65,0.001337,,,,,
吉宏股份,002803,002803,2018-06-30,按行业分类,包装业务,522544033.56,0.544811,452820533.06,0.765483,69723500.5,0.189682,0.133431
吉宏股份,002803,002803,2018-06-30,按行业分类,互联网业务,436585151.08,0.455189,138728262.38,0.234517,297856888.7,0.810318,0.682242
吉宏股份,002803,002803,2018-06-30,按产品分类,互联网业务,436585151.08,0.455189,138728262.38,0.234517,297856888.7,0.810318,0.682242
吉宏股份,002803,002803,2018-06-30,按产品分类,彩色包装箱,260023704.6,0.271104,230633819.15,0.389881,29389885.45,0.079955,0.113028
吉宏股份,002803,002803,2018-06-30,按产品分类,彩色包装纸盒,178522487.02,0.18613,150113796.35,0.253764,28408690.67,0.077286,0.159132
吉宏股份,002803,002803,2018-06-30,按产品分类,其他,45234957.38,0.047163,38907197.04,0.065772,6327760.34,0.017215,0.139887
吉宏股份,002803,002803,2018-06-30,按产品分类,环保纸袋,32192490.08,0.033564,26485318.8,0.044773,5707171.28,0.015526,0.177283
吉宏股份,002803,002803,2018-06-30,按产品分类,塑料软包装,6570394.48,0.00685,6680401.72,0.011293,-110007.24,-0.000299,-0.016743
吉宏股份,002803,002803,2018-06-30,按地区分类,国外,376496233.17,0.39254,103922445.62,0.175791,272573787.55,0.740769,0.723975
吉宏股份,002803,002803,2018-06-30,按地区分类,华北,299792612.84,0.312568,246715860.61,0.417336,53076752.23,0.144246,0.177045
吉宏股份,002803,002803,2018-06-30,按地区分类,华东,149502513.06,0.155873,125957500.1,0.213065,23545012.96,0.063988,0.157489
吉宏股份,002803,002803,2018-06-30,按地区分类,华中,82852540.17,0.086383,72637455.0,0.122871,10215085.17,0.027761,0.123292
吉宏股份,002803,002803,2018-06-30,按地区分类,华南,24564850.34,0.025612,19233015.0,0.032534,5331835.34,0.01449,0.217051
吉宏股份,002803,002803,2018-06-30,按地区分类,东北,21580397.38,0.0225,19404956.45,0.032825,2175440.93,0.005912,0.100806
吉宏股份,002803,002803,2018-06-30,按地区分类,西南,3320157.44,0.003462,2563435.32,0.004336,756722.12,0.002057,0.227918
吉宏股份,002803,002803,2018-06-30,按地区分类,西北,1019880.24,0.001063,734127.33,0.001242,285752.91,0.000777,0.280183
吉宏股份,002803,002803,2017-12-31,按行业分类,印刷包装业,917401277.39,0.809986,774500023.5,0.94259,142901253.89,0.459576,0.155767
吉宏股份,002803,002803,2017-12-31,按行业分类,电商,215211980.39,0.190014,47171929.35,0.05741,168040051.04,0.540424,0.780812
吉宏股份,002803,002803,2017-12-31,按产品分类,彩色包装箱,511232942.95,0.451375,448246363.4,0.54553,62986579.55,0.202567,0.123205
吉宏股份,002803,002803,2017-12-31,按产品分类,彩色包装纸盒,326090847.18,0.28791,263182767.03,0.320302,62908080.15,0.202315,0.192916
吉宏股份,002803,002803,2017-12-31,按产品分类,电商,215211980.39,0.190014,47171929.35,0.05741,168040051.04,0.540424,0.780812
吉宏股份,002803,002803,2017-12-31,按产品分类,环保纸袋,50093460.35,0.044228,43626663.7,0.053095,6466796.65,0.020797,0.129095
吉宏股份,002803,002803,2017-12-31,按产品分类,塑料软包装,19191431.9,0.016944,17148749.47,0.020871,2042682.43,0.006569,0.106437
吉宏股份,002803,002803,2017-12-31,按产品分类,其他,10792595.01,0.009529,2295479.9,0.002794,8497115.11,0.027327,0.78731
吉宏股份,002803,002803,2017-12-31,按地区分类,华北,504916329.53,0.445798,418889608.58,0.530287,86026720.95,0.280223,0.170378
